{"parent":"item/handheld","textures":{"layer0":"item/stone_pickaxe"},"overrides":[{"predicate":{"damaged":0,"damage":0},"model":"item/stone_pickaxe"},{"_cmd_":"give @p minecraft:stone_pickaxe 1 1 {Unbreakable:1}","predicate":{"damaged":0,"damage":0.007575757575757576},"model":"item/nubx/weapons/ak-47_pink"},{"_cmd_":"give @p minecraft:stone_pickaxe 1 2 {Unbreakable:1}","predicate":{"damaged":0,"damage":0.015151515151515152},"model":"item/nubx/weapons/ak-47_pink_reload"},{"_cmd_":"give @p minecraft:stone_pickaxe 1 3 {Unbreakable:1}","predicate":{"damaged":0,"damage":0.022727272727272728},"model":"item/nubx/weapons/bazooka_pink"},{"_cmd_":"give @p minecraft:stone_pickaxe 1 4 {Unbreakable:1}","predicate":{"damaged":0,"damage":0.030303030303030304},"model":"item/nubx/weapons/carbine_pink"},{"_cmd_":"give @p minecraft:stone_pickaxe 1 5 {Unbreakable:1}","predicate":{"damaged":0,"damage":0.03787878787878788},"model":"item/nubx/weapons/desert_eagle_pink"},{"_cmd_":"give @p minecraft:stone_pickaxe 1 6 {Unbreakable:1}","predicate":{"damaged":0,"damage":0.045454545454545456},"model":"item/nubx/weapons/gauss_pink"},{"_cmd_":"give @p minecraft:stone_pickaxe 1 7 {Unbreakable:1}","predicate":{"damaged":0,"damage":0.05303030303030303},"model":"item/nubx/weapons/olympia_pink"},{"_cmd_":"give @p minecraft:stone_pickaxe 1 8 {Unbreakable:1}","predicate":{"damaged":0,"damage":0.06060606060606061},"model":"item/nubx/weapons/python_pink"},{"_cmd_":"give @p minecraft:stone_pickaxe 1 9 {Unbreakable:1}","predicate":{"damaged":0,"damage":0.06818181818181818},"model":"item/nubx/weapons/type95_pink"},{"_cmd_":"give @p minecraft:stone_pickaxe 1 10 {Unbreakable:1}","predicate":{"damaged":0,"damage":0.07575757575757576},"model":"item/nubx/weapons/hunting_pink"},{"predicate":{"damaged":1,"damage":0},"model":"item/stone_pickaxe"}]}